label,model,split,test_balanced_accuracy,test_auc,test_average_precision,test_mcc,test_accuracy,ht_recall,ht_precision,ht_f1,wt_f1,test_macro_f1,epochs_trained,total_params,num_test,ht_support,wt_support,cv_folds,ht_class_index,results_dir
A_control__bilstm__dependent,bilstm,dependent,0.5,0.7903091060985798,0.49174905974336897,0.0,0.23170731707317074,1.0,0.23170731707317074,0.37623762376237624,0.0,0.18811881188118812,16,148953,82,19,63,,1,results/neural_networks/experiments/A_control__bilstm__dependent
B_beta0.5__bilstm__dependent,bilstm,dependent,0.5,0.6649958228905597,0.501384201580703,0.0,0.7682926829268293,0.0,0.0,0.0,0.8689655172413793,0.43448275862068964,16,148953,82,19,63,,1,results/neural_networks/experiments/B_beta0.5__bilstm__dependent
C_beta0__bilstm__dependent,bilstm,dependent,0.5680868838763575,0.6624895572263994,0.39053686310919533,0.15730564495591787,0.7317073170731707,0.2631578947368421,0.38461538461538464,0.3125,0.8333333333333334,0.5729166666666667,34,148953,82,19,63,,1,results/neural_networks/experiments/C_beta0__bilstm__dependent
D_sampler__bilstm__dependent,bilstm,dependent,0.6282372598162071,0.7761069340016709,0.5261578017553005,0.2302650756601806,0.6829268292682927,0.5263157894736842,0.37037037037037035,0.43478260869565216,0.7796610169491526,0.6072218128224024,16,148953,82,19,63,,1,results/neural_networks/experiments/D_sampler__bilstm__dependent
E_focal__bilstm__dependent,bilstm,dependent,0.5233918128654971,0.6791979949874687,0.40165709484393025,0.06032185711451521,0.7195121951219512,0.15789473684210525,0.3,0.20689655172413793,0.8296296296296296,0.5182630906768838,29,148953,82,19,63,,1,results/neural_networks/experiments/E_focal__bilstm__dependent
F_regsmall__bilstm__dependent,bilstm,dependent,0.5263157894736842,0.6833751044277361,0.425891608480705,0.20232565955562798,0.7804878048780488,0.05263157894736842,1.0,0.1,0.875,0.4875,24,16857,82,19,63,,1,results/neural_networks/experiments/F_regsmall__bilstm__dependent
G_augment__bilstm__dependent,bilstm,dependent,0.5705931495405179,0.672514619883041,0.3778215773509025,0.14694624419488223,0.7073170731707317,0.3157894736842105,0.35294117647058826,0.3333333333333333,0.8125,0.5729166666666666,28,148953,82,19,63,,1,results/neural_networks/experiments/G_augment__bilstm__dependent
H_cv_Dsampler__bilstm__dependent,bilstm,dependent,0.6109159014817516,0.6318162230251599,0.3273633979930539,0.18901397021251312,0.5906862745098039,0.6494845360824743,0.32142857142857145,0.4300341296928328,0.6806883365200764,0.5553612331064546,17,148953,408,97,311,5,1,results/neural_networks/experiments/H_cv_Dsampler__bilstm__dependent
A_control__bilstm__independent,bilstm,independent,0.6549295774647887,0.7487027427724241,0.3474519708409652,0.2942418958767542,0.45555555555555555,1.0,0.27941176470588236,0.4367816091954023,0.4731182795698925,0.4549499443826474,16,148953,90,19,71,,1,results/neural_networks/experiments/A_control__bilstm__independent
B_beta0.5__bilstm__independent,bilstm,independent,0.5507783543365455,0.6234247590808006,0.3054513581042508,0.15474852782626075,0.7777777777777778,0.15789473684210525,0.42857142857142855,0.23076923076923078,0.8701298701298701,0.5504495504495505,24,148953,90,19,71,,1,results/neural_networks/experiments/B_beta0.5__bilstm__independent
C_beta0__bilstm__independent,bilstm,independent,0.5611564121571534,0.6434395848776872,0.2907457152595946,0.13393735189544778,0.7333333333333333,0.2631578947368421,0.3333333333333333,0.29411764705882354,0.8356164383561644,0.564867042707494,32,148953,90,19,71,,1,results/neural_networks/experiments/C_beta0__bilstm__independent
D_sampler__bilstm__independent,bilstm,independent,0.704225352112676,0.7672349888806522,0.35378712139344376,0.3566824224662902,0.5333333333333333,1.0,0.3114754098360656,0.475,0.58,0.5275,17,148953,90,19,71,,1,results/neural_networks/experiments/D_sampler__bilstm__independent
E_focal__bilstm__independent,bilstm,independent,0.4911045218680504,0.6397331356560415,0.28357880603488783,-0.029106500880714068,0.7444444444444445,0.05263157894736842,0.16666666666666666,0.08,0.8516129032258064,0.4658064516129032,27,148953,90,19,71,,1,results/neural_networks/experiments/E_focal__bilstm__independent
F_regsmall__bilstm__independent,bilstm,independent,0.5522609340252038,0.7005189028910304,0.35626214799514777,0.10085070652690288,0.6888888888888889,0.3157894736842105,0.2857142857142857,0.3,0.8,0.55,35,16857,90,19,71,,1,results/neural_networks/experiments/F_regsmall__bilstm__independent
G_augment__bilstm__independent,bilstm,independent,0.5819125277983691,0.5811712379540399,0.2972799213872762,0.14069525343615447,0.6444444444444445,0.47368421052631576,0.2903225806451613,0.36,0.7538461538461538,0.5569230769230769,25,148953,90,19,71,,1,results/neural_networks/experiments/G_augment__bilstm__independent
H_cv_Dsampler__bilstm__independent,bilstm,independent,0.5593695097291742,0.5859714257301024,0.31985814479348296,0.10149077305308797,0.5661764705882353,0.5463917525773195,0.2849462365591398,0.3745583038869258,0.6679174484052532,0.5212378761460895,17,148953,408,97,311,5,1,results/neural_networks/experiments/H_cv_Dsampler__bilstm__independent
A_control__cnn1d__dependent,cnn1d,dependent,0.564327485380117,0.6040100250626567,0.3275721036591127,0.11018274007957708,0.5,0.6842105263157895,0.2708333333333333,0.3880597014925373,0.5773195876288659,0.4826896445607016,22,86041,82,19,63,,1,results/neural_networks/experiments/A_control__cnn1d__dependent
B_beta0.5__cnn1d__dependent,cnn1d,dependent,0.512531328320802,0.5831244778613199,0.3400978958621172,0.02462426843924178,0.6463414634146342,0.2631578947368421,0.25,0.2564102564102564,0.768,0.5122051282051282,22,86041,82,19,63,,1,results/neural_networks/experiments/B_beta0.5__cnn1d__dependent
C_beta0__cnn1d__dependent,cnn1d,dependent,0.49206349206349204,0.5680868838763575,0.2853248851742247,-0.06101884970725289,0.7560975609756098,0.0,0.0,0.0,0.8611111111111112,0.4305555555555556,21,86041,82,19,63,,1,results/neural_networks/experiments/C_beta0__cnn1d__dependent
D_sampler__cnn1d__dependent,cnn1d,dependent,0.5939849624060151,0.5898078529657477,0.2981512732201122,0.16876104893661445,0.6585365853658537,0.47368421052631576,0.3333333333333333,0.391304347826087,0.7627118644067796,0.5770081061164333,22,86041,82,19,63,,1,results/neural_networks/experiments/D_sampler__cnn1d__dependent
F_regsmall__cnn1d__dependent,cnn1d,dependent,0.512531328320802,0.5881370091896407,0.33866223271306656,0.02462426843924178,0.6463414634146342,0.2631578947368421,0.25,0.2564102564102564,0.768,0.5122051282051282,22,86041,82,19,63,,1,results/neural_networks/experiments/F_regsmall__cnn1d__dependent
G_augment__cnn1d__dependent,cnn1d,dependent,0.5208855472013367,0.5873015873015873,0.33117661595369163,0.06767690787811048,0.7439024390243902,0.10526315789473684,0.3333333333333333,0.16,0.8489208633093526,0.5044604316546762,24,86041,82,19,63,,1,results/neural_networks/experiments/G_augment__cnn1d__dependent
A_control__cnn1d__independent,cnn1d,independent,0.5170496664195701,0.609340252038547,0.36389467134891085,0.030702602920306254,0.6333333333333333,0.3157894736842105,0.23076923076923078,0.26666666666666666,0.7555555555555555,0.5111111111111111,17,86041,90,19,71,,1,results/neural_networks/experiments/A_control__cnn1d__independent
B_beta0.5__cnn1d__independent,cnn1d,independent,0.5240919199406968,0.5322461082283172,0.36600932617945314,0.043901635450809176,0.6444444444444445,0.3157894736842105,0.24,0.2727272727272727,0.7647058823529411,0.5187165775401069,22,86041,90,19,71,,1,results/neural_networks/experiments/B_beta0.5__cnn1d__independent
C_beta0__cnn1d__independent,cnn1d,independent,0.5452186805040771,0.5174203113417346,0.2969841910380655,0.0858792136291005,0.6777777777777778,0.3157894736842105,0.2727272727272727,0.2926829268292683,0.7913669064748201,0.5420249166520442,25,86041,90,19,71,,1,results/neural_networks/experiments/C_beta0__cnn1d__independent
D_sampler__cnn1d__independent,cnn1d,independent,0.5277983691623425,0.5567086730911786,0.3589562063242651,0.060880614497930814,0.7111111111111111,0.21052631578947367,0.26666666666666666,0.23529411764705882,0.821917808219178,0.5286059629331185,17,86041,90,19,71,,1,results/neural_networks/experiments/D_sampler__cnn1d__independent
F_regsmall__cnn1d__independent,cnn1d,independent,0.6067457375833951,0.5389177168272794,0.3348882009286108,0.21781310804693202,0.7444444444444445,0.3684210526315789,0.3888888888888889,0.3783783783783784,0.8391608391608392,0.6087696087696088,22,86041,90,19,71,,1,results/neural_networks/experiments/F_regsmall__cnn1d__independent
G_augment__cnn1d__independent,cnn1d,independent,0.4747961452928095,0.44922164566345435,0.2096740772058449,-0.04297480868055539,0.5666666666666667,0.3157894736842105,0.1875,0.23529411764705882,0.6976744186046512,0.466484268125855,39,86041,90,19,71,,1,results/neural_networks/experiments/G_augment__cnn1d__independent
A_control__transformer__dependent,transformer,dependent,0.6675020885547202,0.6549707602339182,0.34997389607541984,0.2857684941198756,0.6585365853658537,0.6842105263157895,0.37142857142857144,0.48148148148148145,0.7454545454545455,0.6134680134680135,31,72537,82,19,63,,1,results/neural_networks/experiments/A_control__transformer__dependent
B_beta0.5__transformer__dependent,transformer,dependent,0.5,0.681704260651629,0.35001485158012624,0.0,0.7682926829268293,0.0,0.0,0.0,0.8689655172413793,0.43448275862068964,30,72537,82,19,63,,1,results/neural_networks/experiments/B_beta0.5__transformer__dependent
C_beta0__transformer__dependent,transformer,dependent,0.531328320802005,0.7017543859649122,0.3845364801677328,0.08457295464858736,0.7317073170731707,0.15789473684210525,0.3333333333333333,0.21428571428571427,0.8382352941176471,0.5262605042016807,48,72537,82,19,63,,1,results/neural_networks/experiments/C_beta0__transformer__dependent
D_sampler__transformer__dependent,transformer,dependent,0.5864661654135338,0.6516290726817042,0.341461261295871,0.1887296955734491,0.7317073170731707,0.3157894736842105,0.4,0.35294117647058826,0.8307692307692308,0.5918552036199095,25,72537,82,19,63,,1,results/neural_networks/experiments/D_sampler__transformer__dependent
F_regsmall__transformer__dependent,transformer,dependent,0.5208855472013367,0.772765246449457,0.43174511219697176,0.06767690787811048,0.7439024390243902,0.10526315789473684,0.3333333333333333,0.16,0.8489208633093526,0.5044604316546762,92,39065,82,19,63,,1,results/neural_networks/experiments/F_regsmall__transformer__dependent
A_control__transformer__independent,transformer,independent,0.634173461823573,0.6753150481838399,0.474162156125585,0.22172217264459665,0.5444444444444444,0.7894736842105263,0.28846153846153844,0.4225352112676056,0.6238532110091743,0.52319421113839,29,72537,90,19,71,,1,results/neural_networks/experiments/A_control__transformer__independent
B_beta0.5__transformer__independent,transformer,independent,0.6312083024462565,0.7249814677538917,0.5306295820856943,0.24216964133497745,0.7222222222222222,0.47368421052631576,0.375,0.4186046511627907,0.8175182481751825,0.6180614496689866,33,72537,90,19,71,,1,results/neural_networks/experiments/B_beta0.5__transformer__independent
C_beta0__transformer__independent,transformer,independent,0.5,0.7101556708673091,0.44473548835192445,0.0,0.7888888888888889,0.0,0.0,0.0,0.8819875776397516,0.4409937888198758,22,72537,90,19,71,,1,results/neural_networks/experiments/C_beta0__transformer__independent
D_sampler__transformer__independent,transformer,independent,0.5070422535211268,0.748702742772424,0.5579902817976028,0.054834340282244244,0.2222222222222222,1.0,0.21348314606741572,0.35185185185185186,0.027777777777777776,0.18981481481481483,19,72537,90,19,71,,1,results/neural_networks/experiments/D_sampler__transformer__independent
F_regsmall__transformer__independent,transformer,independent,0.5,0.8146775389177168,0.6164481935634745,0.0,0.7888888888888889,0.0,0.0,0.0,0.8819875776397516,0.4409937888198758,23,39065,90,19,71,,1,results/neural_networks/experiments/F_regsmall__transformer__independent
