run_id,family,model,eval_level,split,scope,test_acc,train_acc,balanced_acc,weighted_f1,wt_precision,wt_recall,wt_f1,ht_precision,ht_recall,ht_f1,auc,avg_precision,mcc,ht_support,wt_support,num_test,threshold,legacy_baseline_acc,source_path
A_control__bilstm__dependent,sequence,bilstm,session,dependent,A_control,0.2317,,0.5,,,,0.0,0.2317,1.0,0.3762,0.7903,0.4917,0.0,19,63,82,0.5,,results/neural_networks/experiments/_summary/master_metrics.csv
A_control__bilstm__independent,sequence,bilstm,session,independent,A_control,0.4556,,0.6549,,,,0.4731,0.2794,1.0,0.4368,0.7487,0.3475,0.2942,19,71,90,0.5,,results/neural_networks/experiments/_summary/master_metrics.csv
A_control__cnn1d__dependent,sequence,cnn1d,session,dependent,A_control,0.5,,0.5643,,,,0.5773,0.2708,0.6842,0.3881,0.604,0.3276,0.1102,19,63,82,0.5,,results/neural_networks/experiments/_summary/master_metrics.csv
A_control__cnn1d__independent,sequence,cnn1d,session,independent,A_control,0.6333,,0.517,,,,0.7556,0.2308,0.3158,0.2667,0.6093,0.3639,0.0307,19,71,90,0.5,,results/neural_networks/experiments/_summary/master_metrics.csv
A_control__transformer__dependent,sequence,transformer,session,dependent,A_control,0.6585,,0.6675,,,,0.7455,0.3714,0.6842,0.4815,0.655,0.35,0.2858,19,63,82,0.5,,results/neural_networks/experiments/_summary/master_metrics.csv
A_control__transformer__independent,sequence,transformer,session,independent,A_control,0.5444,,0.6342,,,,0.6239,0.2885,0.7895,0.4225,0.6753,0.4742,0.2217,19,71,90,0.5,,results/neural_networks/experiments/_summary/master_metrics.csv
B_beta0.5__bilstm__dependent,sequence,bilstm,session,dependent,B_beta0.5,0.7683,,0.5,,,,0.869,0.0,0.0,0.0,0.665,0.5014,0.0,19,63,82,0.5,,results/neural_networks/experiments/_summary/master_metrics.csv
B_beta0.5__bilstm__independent,sequence,bilstm,session,independent,B_beta0.5,0.7778,,0.5508,,,,0.8701,0.4286,0.1579,0.2308,0.6234,0.3055,0.1547,19,71,90,0.5,,results/neural_networks/experiments/_summary/master_metrics.csv
B_beta0.5__cnn1d__dependent,sequence,cnn1d,session,dependent,B_beta0.5,0.6463,,0.5125,,,,0.768,0.25,0.2632,0.2564,0.5831,0.3401,0.0246,19,63,82,0.5,,results/neural_networks/experiments/_summary/master_metrics.csv
B_beta0.5__cnn1d__independent,sequence,cnn1d,session,independent,B_beta0.5,0.6444,,0.5241,,,,0.7647,0.24,0.3158,0.2727,0.5322,0.366,0.0439,19,71,90,0.5,,results/neural_networks/experiments/_summary/master_metrics.csv
B_beta0.5__transformer__dependent,sequence,transformer,session,dependent,B_beta0.5,0.7683,,0.5,,,,0.869,0.0,0.0,0.0,0.6817,0.35,0.0,19,63,82,0.5,,results/neural_networks/experiments/_summary/master_metrics.csv
B_beta0.5__transformer__independent,sequence,transformer,session,independent,B_beta0.5,0.7222,,0.6312,,,,0.8175,0.375,0.4737,0.4186,0.725,0.5306,0.2422,19,71,90,0.5,,results/neural_networks/experiments/_summary/master_metrics.csv
C_beta0__bilstm__dependent,sequence,bilstm,session,dependent,C_beta0,0.7317,,0.5681,,,,0.8333,0.3846,0.2632,0.3125,0.6625,0.3905,0.1573,19,63,82,0.5,,results/neural_networks/experiments/_summary/master_metrics.csv
C_beta0__bilstm__independent,sequence,bilstm,session,independent,C_beta0,0.7333,,0.5612,,,,0.8356,0.3333,0.2632,0.2941,0.6434,0.2907,0.1339,19,71,90,0.5,,results/neural_networks/experiments/_summary/master_metrics.csv
C_beta0__cnn1d__dependent,sequence,cnn1d,session,dependent,C_beta0,0.7561,,0.4921,,,,0.8611,0.0,0.0,0.0,0.5681,0.2853,-0.061,19,63,82,0.5,,results/neural_networks/experiments/_summary/master_metrics.csv
C_beta0__cnn1d__independent,sequence,cnn1d,session,independent,C_beta0,0.6778,,0.5452,,,,0.7914,0.2727,0.3158,0.2927,0.5174,0.297,0.0859,19,71,90,0.5,,results/neural_networks/experiments/_summary/master_metrics.csv
C_beta0__transformer__dependent,sequence,transformer,session,dependent,C_beta0,0.7317,,0.5313,,,,0.8382,0.3333,0.1579,0.2143,0.7018,0.3845,0.0846,19,63,82,0.5,,results/neural_networks/experiments/_summary/master_metrics.csv
C_beta0__transformer__independent,sequence,transformer,session,independent,C_beta0,0.7889,,0.5,,,,0.882,0.0,0.0,0.0,0.7102,0.4447,0.0,19,71,90,0.5,,results/neural_networks/experiments/_summary/master_metrics.csv
D_sampler__bilstm__dependent,sequence,bilstm,session,dependent,D_sampler,0.6829,,0.6282,,,,0.7797,0.3704,0.5263,0.4348,0.7761,0.5262,0.2303,19,63,82,0.5,,results/neural_networks/experiments/_summary/master_metrics.csv
D_sampler__bilstm__independent,sequence,bilstm,session,independent,D_sampler,0.5333,,0.7042,,,,0.58,0.3115,1.0,0.475,0.7672,0.3538,0.3567,19,71,90,0.5,,results/neural_networks/experiments/_summary/master_metrics.csv
D_sampler__cnn1d__dependent,sequence,cnn1d,session,dependent,D_sampler,0.6585,,0.594,,,,0.7627,0.3333,0.4737,0.3913,0.5898,0.2982,0.1688,19,63,82,0.5,,results/neural_networks/experiments/_summary/master_metrics.csv
D_sampler__cnn1d__independent,sequence,cnn1d,session,independent,D_sampler,0.7111,,0.5278,,,,0.8219,0.2667,0.2105,0.2353,0.5567,0.359,0.0609,19,71,90,0.5,,results/neural_networks/experiments/_summary/master_metrics.csv
D_sampler__transformer__dependent,sequence,transformer,session,dependent,D_sampler,0.7317,,0.5865,,,,0.8308,0.4,0.3158,0.3529,0.6516,0.3415,0.1887,19,63,82,0.5,,results/neural_networks/experiments/_summary/master_metrics.csv
D_sampler__transformer__independent,sequence,transformer,session,independent,D_sampler,0.2222,,0.507,,,,0.0278,0.2135,1.0,0.3519,0.7487,0.558,0.0548,19,71,90,0.5,,results/neural_networks/experiments/_summary/master_metrics.csv
E_focal__bilstm__dependent,sequence,bilstm,session,dependent,E_focal,0.7195,,0.5234,,,,0.8296,0.3,0.1579,0.2069,0.6792,0.4017,0.0603,19,63,82,0.5,,results/neural_networks/experiments/_summary/master_metrics.csv
E_focal__bilstm__independent,sequence,bilstm,session,independent,E_focal,0.7444,,0.4911,,,,0.8516,0.1667,0.0526,0.08,0.6397,0.2836,-0.0291,19,71,90,0.5,,results/neural_networks/experiments/_summary/master_metrics.csv
F_regsmall__bilstm__dependent,sequence,bilstm,session,dependent,F_regsmall,0.7805,,0.5263,,,,0.875,1.0,0.0526,0.1,0.6834,0.4259,0.2023,19,63,82,0.5,,results/neural_networks/experiments/_summary/master_metrics.csv
F_regsmall__bilstm__independent,sequence,bilstm,session,independent,F_regsmall,0.6889,,0.5523,,,,0.8,0.2857,0.3158,0.3,0.7005,0.3563,0.1009,19,71,90,0.5,,results/neural_networks/experiments/_summary/master_metrics.csv
F_regsmall__cnn1d__dependent,sequence,cnn1d,session,dependent,F_regsmall,0.6463,,0.5125,,,,0.768,0.25,0.2632,0.2564,0.5881,0.3387,0.0246,19,63,82,0.5,,results/neural_networks/experiments/_summary/master_metrics.csv
F_regsmall__cnn1d__independent,sequence,cnn1d,session,independent,F_regsmall,0.7444,,0.6067,,,,0.8392,0.3889,0.3684,0.3784,0.5389,0.3349,0.2178,19,71,90,0.5,,results/neural_networks/experiments/_summary/master_metrics.csv
F_regsmall__transformer__dependent,sequence,transformer,session,dependent,F_regsmall,0.7439,,0.5209,,,,0.8489,0.3333,0.1053,0.16,0.7728,0.4317,0.0677,19,63,82,0.5,,results/neural_networks/experiments/_summary/master_metrics.csv
F_regsmall__transformer__independent,sequence,transformer,session,independent,F_regsmall,0.7889,,0.5,,,,0.882,0.0,0.0,0.0,0.8147,0.6164,0.0,19,71,90,0.5,,results/neural_networks/experiments/_summary/master_metrics.csv
G_augment__bilstm__dependent,sequence,bilstm,session,dependent,G_augment,0.7073,,0.5706,,,,0.8125,0.3529,0.3158,0.3333,0.6725,0.3778,0.1469,19,63,82,0.5,,results/neural_networks/experiments/_summary/master_metrics.csv
G_augment__bilstm__independent,sequence,bilstm,session,independent,G_augment,0.6444,,0.5819,,,,0.7538,0.2903,0.4737,0.36,0.5812,0.2973,0.1407,19,71,90,0.5,,results/neural_networks/experiments/_summary/master_metrics.csv
G_augment__cnn1d__dependent,sequence,cnn1d,session,dependent,G_augment,0.7439,,0.5209,,,,0.8489,0.3333,0.1053,0.16,0.5873,0.3312,0.0677,19,63,82,0.5,,results/neural_networks/experiments/_summary/master_metrics.csv
G_augment__cnn1d__independent,sequence,cnn1d,session,independent,G_augment,0.5667,,0.4748,,,,0.6977,0.1875,0.3158,0.2353,0.4492,0.2097,-0.043,19,71,90,0.5,,results/neural_networks/experiments/_summary/master_metrics.csv
H_cv_Dsampler__bilstm__dependent,sequence,bilstm,session,dependent,H_cv_Dsampler,0.5907,,0.6109,,,,0.6807,0.3214,0.6495,0.43,0.6318,0.3274,0.189,97,311,408,0.5,,results/neural_networks/experiments/_summary/master_metrics.csv
H_cv_Dsampler__bilstm__independent,sequence,bilstm,session,independent,H_cv_Dsampler,0.5662,,0.5594,,,,0.6679,0.2849,0.5464,0.3746,0.586,0.3199,0.1015,97,311,408,0.5,,results/neural_networks/experiments/_summary/master_metrics.csv
bilstm_dependent_baseline,sequence,bilstm,session,dependent,pooled,0.2317,,,,,,0.0,0.2317,1.0,0.3762,0.7903,,,19,63,82,0.5,,results/neural_networks/executive_summaries/sequence_models/master_metrics.csv
bilstm_independent_baseline,sequence,bilstm,session,independent,pooled,0.4556,,,,,,0.4731,0.2794,1.0,0.4368,0.7487,,,19,71,90,0.5,,results/neural_networks/executive_summaries/sequence_models/master_metrics.csv
cnn1d_dependent_baseline,sequence,cnn1d,session,dependent,pooled,0.5,,,,,,0.5773,0.2708,0.6842,0.3881,0.604,,,19,63,82,0.5,,results/neural_networks/executive_summaries/sequence_models/master_metrics.csv
cnn1d_independent_baseline,sequence,cnn1d,session,independent,pooled,0.6333,,,,,,0.7556,0.2308,0.3158,0.2667,0.6093,,,19,71,90,0.5,,results/neural_networks/executive_summaries/sequence_models/master_metrics.csv
transformer_dependent_baseline,sequence,transformer,session,dependent,pooled,0.6585,,,,,,0.7455,0.3714,0.6842,0.4815,0.655,,,19,63,82,0.5,,results/neural_networks/executive_summaries/sequence_models/master_metrics.csv
transformer_independent_baseline,sequence,transformer,session,independent,pooled,0.5444,,,,,,0.6239,0.2885,0.7895,0.4225,0.6753,,,19,71,90,0.5,,results/neural_networks/executive_summaries/sequence_models/master_metrics.csv
tabpfn_subject_eval_dependent_baseline,tabular,tabpfn,recording,dependent,pooled,0.781,0.888,0.8277,0.794,0.962,0.733,0.832,0.55,0.918,0.688,0.9081,,,,,,0.5,0.829,results/tabular_models/tabpfn_subject_eval_dependent_baseline/comparison_vs_baseline.txt
tabpfn_subject_eval_independent_baseline,tabular,tabpfn,recording,independent,pooled,0.729,0.911,0.662,0.743,0.898,0.709,0.792,0.499,0.782,0.61,0.783,,,,,,0.5,0.829,results/tabular_models/tabpfn_subject_eval_independent_baseline/comparison_vs_baseline.txt
xgboost_subject_eval_dependent_baseline,tabular,xgboost,recording,dependent,pooled,0.733,0.771,0.7948,0.749,0.968,0.66,0.785,0.496,0.94,0.649,0.8761,,,,,,0.5,0.829,results/tabular_models/xgboost_subject_eval_dependent_baseline/comparison_vs_baseline.txt
xgboost_subject_eval_independent_baseline,tabular,xgboost,recording,independent,pooled,0.693,0.806,0.6778,0.706,0.841,0.713,0.772,0.452,0.637,0.529,0.7701,,,,,,0.5,0.829,results/tabular_models/xgboost_subject_eval_independent_baseline/comparison_vs_baseline.txt
xgboost_tuned_dependent_subject_eval_dependent_baseline,tabular,xgboost_tuned,recording,dependent,pooled,0.772,0.875,0.7983,0.785,0.931,0.747,0.829,0.543,0.844,0.661,0.8849,,,,,,0.5,0.829,results/tabular_models/xgboost_tuned_dependent_subject_eval_dependent_baseline/comparison_vs_baseline.txt
xgboost_tuned_independent_subject_eval_independent_baseline,tabular,xgboost_tuned,recording,independent,pooled,0.702,0.714,0.7253,0.719,0.929,0.64,0.758,0.473,0.869,0.612,0.753,,,,,,0.5,0.829,results/tabular_models/xgboost_tuned_independent_subject_eval_independent_baseline/comparison_vs_baseline.txt
tabpfn_strain1_subject_eval_dependent_baseline,tabular,tabpfn,recording,dependent,strain1,0.785,0.847,,0.801,0.987,0.728,0.838,0.523,0.969,0.68,,,,,,,0.5,0.829,results/tabular_models/strain/tabpfn_strain1_subject_eval_dependent_baseline/comparison_vs_baseline.txt
tabpfn_strain1_subject_eval_independent_baseline,tabular,tabpfn,recording,independent,strain1,0.897,0.859,,0.905,0.984,0.892,0.935,0.629,0.925,0.749,,,,,,,0.5,0.829,results/tabular_models/strain/tabpfn_strain1_subject_eval_independent_baseline/comparison_vs_baseline.txt
xgboost_strain1_subject_eval_dependent_baseline,tabular,xgboost,recording,dependent,strain1,0.774,0.811,,0.791,0.967,0.73,0.832,0.512,0.919,0.657,,,,,,,0.5,0.829,results/tabular_models/strain/xgboost_strain1_subject_eval_dependent_baseline/comparison_vs_baseline.txt
xgboost_strain1_subject_eval_independent_baseline,tabular,xgboost,recording,independent,strain1,0.903,0.793,,0.909,0.979,0.903,0.939,0.648,0.9,0.753,,,,,,,0.5,0.829,results/tabular_models/strain/xgboost_strain1_subject_eval_independent_baseline/comparison_vs_baseline.txt
xgboost_tuned_dependent_strain1_subject_eval_dependent_baseline,tabular,xgboost_tuned,recording,dependent,strain1,0.789,0.903,,0.802,0.936,0.776,0.849,0.533,0.829,0.649,,,,,,,0.5,0.829,results/tabular_models/strain/xgboost_tuned_dependent_strain1_subject_eval_dependent_baseline/comparison_vs_baseline.txt
xgboost_tuned_dependent_strain1_subject_eval_independent_baseline,tabular,xgboost_tuned,recording,independent,strain1,0.899,0.903,,0.903,0.963,0.914,0.938,0.655,0.821,0.729,,,,,,,0.5,0.829,results/tabular_models/strain/xgboost_tuned_dependent_strain1_subject_eval_independent_baseline/comparison_vs_baseline.txt
tabpfn_strain2_subject_eval_dependent_baseline,tabular,tabpfn,recording,dependent,strain2,0.801,0.926,,0.809,0.928,0.785,0.851,0.604,0.842,0.703,,,,,,,0.5,0.829,results/tabular_models/strain/tabpfn_strain2_subject_eval_dependent_baseline/comparison_vs_baseline.txt
tabpfn_strain2_subject_eval_independent_baseline,tabular,tabpfn,recording,independent,strain2,0.654,0.941,,0.659,0.775,0.743,0.759,0.369,0.41,0.388,,,,,,,0.5,0.829,results/tabular_models/strain/tabpfn_strain2_subject_eval_independent_baseline/comparison_vs_baseline.txt
xgboost_strain2_subject_eval_dependent_baseline,tabular,xgboost,recording,dependent,strain2,0.748,0.845,,0.759,0.907,0.724,0.805,0.532,0.808,0.642,,,,,,,0.5,0.829,results/tabular_models/strain/xgboost_strain2_subject_eval_dependent_baseline/comparison_vs_baseline.txt
xgboost_strain2_subject_eval_independent_baseline,tabular,xgboost,recording,independent,strain2,0.657,0.916,,0.609,0.722,0.865,0.787,0.194,0.089,0.122,,,,,,,0.5,0.829,results/tabular_models/strain/xgboost_strain2_subject_eval_independent_baseline/comparison_vs_baseline.txt
xgboost_tuned_dependent_strain2_subject_eval_dependent_baseline,tabular,xgboost_tuned,recording,dependent,strain2,0.783,0.924,,0.79,0.888,0.8,0.842,0.59,0.741,0.657,,,,,,,0.5,0.829,results/tabular_models/strain/xgboost_tuned_dependent_strain2_subject_eval_dependent_baseline/comparison_vs_baseline.txt
xgboost_tuned_dependent_strain2_subject_eval_independent_baseline,tabular,xgboost_tuned,recording,independent,strain2,0.653,0.95,,0.597,0.716,0.871,0.786,0.14,0.057,0.081,,,,,,,0.5,0.829,results/tabular_models/strain/xgboost_tuned_dependent_strain2_subject_eval_independent_baseline/comparison_vs_baseline.txt
tabpfn_subject_eval_dependent_baseline__@0.5,tabular-threshold,tabpfn,recording,dependent,threshold:0.5,0.7834,,0.8277,,0.9632,0.7343,0.8333,0.5524,0.9212,0.6906,0.9081,,,,,,0.5,,results/tabular_models/threshold/tabpfn_subject_eval_dependent_baseline/threshold_metrics.json
tabpfn_subject_eval_independent_baseline__@0.5,tabular-threshold,tabpfn,recording,independent,threshold:0.5,0.7129,,0.662,,0.8226,0.7731,0.7971,0.474,0.5509,0.5096,0.783,,,,,,0.5,,results/tabular_models/threshold/tabpfn_subject_eval_independent_baseline/threshold_metrics.json
xgboost_subject_eval_dependent_baseline__@0.5,tabular-threshold,xgboost,recording,dependent,threshold:0.5,0.7274,,0.7948,,0.9666,0.6529,0.7794,0.4899,0.9366,0.6433,0.8761,,,,,,0.5,,results/tabular_models/threshold/xgboost_subject_eval_dependent_baseline/threshold_metrics.json
xgboost_subject_eval_independent_baseline__@0.5,tabular-threshold,xgboost,recording,independent,threshold:0.5,0.6924,,0.6778,,0.8438,0.7096,0.7709,0.4522,0.6459,0.532,0.7701,,,,,,0.5,,results/tabular_models/threshold/xgboost_subject_eval_independent_baseline/threshold_metrics.json
xgboost_tuned_dependent_subject_eval_dependent_baseline__@0.5,tabular-threshold,xgboost_tuned,recording,dependent,threshold:0.5,0.7708,,0.7983,,0.9354,0.7404,0.8265,0.54,0.8563,0.6623,0.8849,,,,,,0.5,,results/tabular_models/threshold/xgboost_tuned_dependent_subject_eval_dependent_baseline/threshold_metrics.json
xgboost_tuned_independent_subject_eval_independent_baseline__@0.5,tabular-threshold,xgboost_tuned,recording,independent,threshold:0.5,0.6952,,0.7253,,0.8948,0.6596,0.7594,0.4631,0.791,0.5842,0.753,,,,,,0.5,,results/tabular_models/threshold/xgboost_tuned_independent_subject_eval_independent_baseline/threshold_metrics.json
tabpfn_subject_eval_dependent_baseline__@tuned,tabular-threshold,tabpfn,recording,dependent,threshold:youden,0.7663,,0.8217,,0.9697,0.7052,0.8166,0.5311,0.9382,0.6782,0.9081,,,,,,0.454,,results/tabular_models/threshold/tabpfn_subject_eval_dependent_baseline/threshold_metrics.json
tabpfn_subject_eval_independent_baseline__@tuned,tabular-threshold,tabpfn,recording,independent,threshold:youden,0.7031,,0.7959,,0.9989,0.5936,0.7447,0.4769,0.9983,0.6454,0.783,,,,,,0.0055,,results/tabular_models/threshold/tabpfn_subject_eval_independent_baseline/threshold_metrics.json
xgboost_subject_eval_dependent_baseline__@tuned,tabular-threshold,xgboost,recording,dependent,threshold:youden,0.7367,,0.7941,,0.957,0.6733,0.7904,0.4992,0.915,0.6459,0.8761,,,,,,0.5281,,results/tabular_models/threshold/xgboost_subject_eval_dependent_baseline/threshold_metrics.json
xgboost_subject_eval_independent_baseline__@tuned,tabular-threshold,xgboost,recording,independent,threshold:youden,0.705,,0.7972,,0.9989,0.5962,0.7467,0.4785,0.9983,0.6469,0.7701,,,,,,0.128,,results/tabular_models/threshold/xgboost_subject_eval_independent_baseline/threshold_metrics.json
xgboost_tuned_dependent_subject_eval_dependent_baseline__@tuned,tabular-threshold,xgboost_tuned,recording,dependent,threshold:youden,0.7306,,0.8005,,0.9722,0.6535,0.7816,0.4932,0.9474,0.6487,0.8849,,,,,,0.3655,,results/tabular_models/threshold/xgboost_tuned_dependent_subject_eval_dependent_baseline/threshold_metrics.json
xgboost_tuned_independent_subject_eval_independent_baseline__@tuned,tabular-threshold,xgboost_tuned,recording,independent,threshold:youden,0.7036,,0.7968,,1.0,0.5936,0.745,0.4773,1.0,0.6462,0.753,,,,,,0.288,,results/tabular_models/threshold/xgboost_tuned_independent_subject_eval_independent_baseline/threshold_metrics.json
