trial,max_depth,min_child_weight,learning_rate,reg_lambda,reg_alpha,gamma,subsample,colsample_bytree,cv_balanced_acc,cv_acc,cv_ht_recall,cv_wt_recall,cv_ht_precision,cv_wt_precision,cv_best_iter
148,8,3,0.02,10.0,1.0,2.0,0.7,0.8,0.8196825362750635,0.7674985566577442,0.9226962760159202,0.7166687965342071,0.5165214774658551,0.9661841936719116,233.4
137,8,8,0.05,1.5,2.0,4.0,0.8,0.7,0.8196256651692664,0.7630346926993125,0.9313365612932121,0.7079147690453209,0.511063379715664,0.9694975268904393,76.2
54,8,3,0.02,1.5,0.5,0.1,0.7,1.0,0.8195654304296192,0.7779456274190777,0.9017246769927583,0.73740618386648,0.5295674191213772,0.9583346859609068,234.8
116,8,3,0.08,6.0,0.05,0.1,0.8,0.7,0.8189509520902654,0.7851501436138408,0.8856828994177842,0.7522190047627464,0.5406676190065876,0.9531955057593237,88.2
83,8,2,0.08,3.0,1.0,0.0,0.6,0.7,0.8186289324663669,0.7840345764086352,0.8869208473817191,0.7503370175510149,0.5392582273546906,0.9538101155717664,86.6
132,8,8,0.05,0.5,0.05,1.0,0.8,0.7,0.8182636890655053,0.7697289192273772,0.9140695109894288,0.7224578671415818,0.5193341760167203,0.9627880195932441,84.6
173,8,2,0.08,6.0,0.05,4.0,1.0,0.7,0.8181416649248622,0.7724689539910857,0.9083031240229505,0.7279802058267737,0.5224722582268868,0.9605344477073103,41.6
107,8,8,0.03,6.0,2.0,0.5,0.8,0.7,0.817969130558988,0.7622240540576699,0.9280274799097523,0.707910781208224,0.511461937289522,0.9684487076515553,142.4
199,7,3,0.08,10.0,2.0,0.5,1.0,0.6,0.8178507072727953,0.7736860954427434,0.9050236181881175,0.7306777963574734,0.5241445495346211,0.9593098166657521,92.8
66,7,3,0.03,1.5,0.0,0.1,1.0,0.6,0.8176652460591509,0.7563433991662061,0.9387236883244185,0.6966068037938832,0.5039914233530169,0.9721374863540049,75.2
76,7,8,0.03,1.0,2.0,0.1,1.0,0.7,0.8176306701331107,0.766280231716893,0.9189984874219418,0.7162628528442795,0.5157136421468029,0.9650075310895939,152.0
103,8,5,0.03,10.0,0.05,0.1,0.7,0.7,0.8174820065036886,0.7668889053548253,0.9173540869183123,0.7176099260890647,0.5160616255233247,0.964109000189002,162.4
135,8,5,0.02,6.0,0.05,0.0,0.7,0.7,0.8171374596386503,0.7549200218585309,0.9399624813040282,0.6943124379732725,0.5021591274993245,0.9727571407317187,87.2
142,7,8,0.08,3.0,1.0,0.1,0.8,0.7,0.8169842014213069,0.7719609798467226,0.9058508885339824,0.7281175143086314,0.5219610105153434,0.9595693686567388,87.2
4,6,5,0.15,10.0,2.0,0.5,0.9,0.8,0.8165963139266544,0.7699323764565922,0.9087121116096704,0.7244805162436387,0.5193295246530198,0.9604436455030043,59.4
44,6,1,0.08,6.0,1.0,0.0,0.8,0.6,0.8165340439533647,0.7660771346800411,0.9161296592051782,0.7169384287015512,0.5148438985847833,0.963490605028308,92.0
118,8,5,0.02,0.5,1.0,1.0,0.6,0.8,0.8165198614307047,0.7587732568490578,0.9305109809786971,0.7025287418827123,0.5067339360153512,0.968916021741401,86.8
186,8,12,0.02,1.0,0.0,1.0,0.8,0.6,0.8163747588398103,0.7477166891529614,0.9519000177453292,0.6808494999342913,0.494369996297776,0.977507336994976,55.6
167,7,12,0.15,0.5,0.05,2.0,0.9,0.7,0.8162592030754873,0.7694240421198659,0.9087171817037205,0.7238012244472539,0.5198504952495892,0.9611250168105359,50.0
40,8,3,0.05,1.0,1.0,4.0,0.6,0.8,0.8160754540912676,0.7683084234586082,0.9103658072857252,0.7217851008968102,0.5176353917129008,0.961094045245758,90.4
196,6,8,0.02,10.0,0.0,0.5,1.0,0.6,0.8160660456331851,0.7457917182513587,0.954777296118843,0.6773547951475273,0.4929499744954377,0.9790358902589069,196.6
49,8,12,0.08,1.5,0.5,0.1,0.7,0.7,0.8158580176002775,0.7650616494957821,0.916124589111128,0.7155914460894273,0.514415443528135,0.9634889743497922,63.8
97,7,12,0.05,6.0,1.0,2.0,1.0,0.6,0.8158036945791265,0.763947780340289,0.9181703720604016,0.7134370170978516,0.512144726974299,0.963969664951053,113.0
128,6,8,0.05,1.5,0.0,4.0,0.7,0.6,0.815708479343962,0.7502521346543131,0.9449108930970669,0.686506065590857,0.496873039403029,0.9744692989173129,89.8
92,8,3,0.1,10.0,0.05,0.5,1.0,0.5,0.8156375028452849,0.7889009810610855,0.8684175391453511,0.762857466545219,0.5456496990059915,0.9467586061825057,106.4
123,5,3,0.1,3.0,2.0,0.1,0.9,0.8,0.8154963193880841,0.7618170881431878,0.9214617081146855,0.7095309306614824,0.5099771342043906,0.9653337442709932,92.0
8,6,2,0.08,1.0,2.0,4.0,0.7,0.8,0.8154243200306557,0.758367165687458,0.9280494503173035,0.702799189744008,0.5059736033753601,0.9678743106827223,78.4
162,8,1,0.1,1.5,0.2,0.0,0.9,0.6,0.8152830339164054,0.7819025978102363,0.8811738957757667,0.7493921720570442,0.5354353452237914,0.9510955984541528,44.6
72,8,5,0.02,10.0,1.0,0.5,0.8,0.5,0.8152487684222217,0.7635436959647135,0.9173329615264363,0.7131645753180073,0.5135705313341946,0.9643189366681177,280.0
101,6,1,0.15,3.0,1.0,4.0,0.8,0.5,0.8152267600908056,0.7570506625995803,0.9300800229844264,0.7003734971971849,0.5045697861127566,0.9686167168928048,48.4
99,7,8,0.08,10.0,0.0,0.0,0.7,0.8,0.8150426082740798,0.772365270046506,0.89927582156649,0.7308093949816696,0.5234766356930497,0.9574089910553567,115.4
9,8,8,0.03,1.0,0.5,0.1,0.7,0.8,0.8149233690251185,0.7628303607172151,0.9177596944423317,0.712087043607905,0.5114323138787655,0.9640382956347244,119.6
43,6,1,0.1,6.0,0.0,4.0,1.0,0.7,0.8148990390459616,0.7527884549085472,0.9375034856896596,0.692294592402264,0.4996101500023055,0.9713853459810498,41.0
86,7,12,0.1,1.5,0.5,2.0,0.9,0.7,0.8147997339266585,0.7699332512094744,0.9033699225120626,0.7262295453412546,0.5197398546737776,0.9585431714765733,73.0
0,6,8,0.05,6.0,1.0,0.1,0.8,0.7,0.8144760987647166,0.7573528639923928,0.9272306301281888,0.7017215674012445,0.504930927296386,0.9675178616775642,128.8
52,7,5,0.08,3.0,1.0,1.0,1.0,0.8,0.8144755859137129,0.7690181567824736,0.9042031079676528,0.7247480638597732,0.5188128322426528,0.958766474947786,67.0
94,8,1,0.03,0.5,0.2,2.0,0.7,0.5,0.8143815460909064,0.766384790414355,0.9091287043374654,0.7196343878443475,0.5161325726527075,0.960625659100789,107.0
134,8,3,0.1,6.0,1.0,0.5,0.8,0.6,0.8143325318835771,0.7729743553328536,0.8959735003084308,0.7326915634587235,0.5245375667350232,0.956430263205316,59.0
85,8,8,0.15,1.0,0.5,2.0,1.0,1.0,0.814302784230082,0.770844898080998,0.9000887266458794,0.7285168418142846,0.5210769868742109,0.9573638607302692,26.8
115,8,2,0.1,1.0,2.0,0.5,0.8,0.7,0.8142814371262748,0.7833223217382267,0.8754032837309133,0.7531595905216363,0.5379546169076594,0.9492245213212527,61.2
2,8,12,0.03,3.0,1.0,0.0,0.9,0.6,0.8142647497778158,0.7528919844849712,0.9354298172231095,0.6930996823325222,0.5002750591283674,0.9708411073353369,86.4
89,6,8,0.03,3.0,0.5,0.1,0.7,0.8,0.8142588565766701,0.7461933327364431,0.9486120617537456,0.6799056513995948,0.4931840120770885,0.9763716729878137,110.2
38,7,1,0.08,0.5,0.5,0.0,1.0,0.8,0.8142386749493339,0.7744986379583063,0.892684699301172,0.7357926505974959,0.5255099406697255,0.9547577594611532,67.0
63,6,3,0.08,3.0,0.05,0.5,0.9,0.5,0.8141682705551151,0.7629306485623694,0.9153049239063386,0.7130316172038917,0.5117135272993721,0.963016291428823,91.2
120,6,3,0.03,0.5,1.0,4.0,0.9,0.6,0.8140618155465438,0.7417310639156203,0.9568340642718922,0.6712895668211953,0.48838903443774634,0.9795632870710677,73.4
126,8,2,0.15,3.0,0.2,1.0,0.6,0.8,0.813936182817794,0.7792669159197821,0.8823881833008003,0.745484182334788,0.5323540695651963,0.9512742427591343,35.4
53,8,20,0.05,3.0,1.0,0.1,0.9,0.6,0.8137512522177488,0.7583694297537417,0.9230900533204892,0.7044124511150083,0.5065051575381084,0.9659723405230146,102.0
150,7,1,0.03,3.0,0.0,2.0,0.7,0.5,0.8137346808017597,0.7522841341438691,0.9350351949028655,0.6924341667006539,0.4998149716253475,0.9706083918261241,117.8
140,8,5,0.15,1.0,0.05,2.0,0.8,0.6,0.8136065728584297,0.7708446408007384,0.8980243533517547,0.7291887923651046,0.5214305156844297,0.956671383324783,29.6
48,7,5,0.03,0.5,0.5,2.0,0.9,0.5,0.8135804286028065,0.7566424102838006,0.9259825419761537,0.7011783152294593,0.5059163188840359,0.9673536586437222,140.2
164,8,20,0.03,1.0,0.0,2.0,0.8,1.0,0.8135304870391092,0.7561351050681123,0.926820797525794,0.7002401765524242,0.503619822050541,0.9672650613026118,136.0
176,8,2,0.15,1.0,0.5,4.0,0.8,0.5,0.8135070713786995,0.7723679457612048,0.8947262571720704,0.7322878855853283,0.5230104887665811,0.9552880754409868,50.8
111,8,1,0.1,0.5,0.5,0.1,0.7,0.5,0.8135030555536249,0.7798761041182337,0.8799072172788804,0.747098893828369,0.5341029232157213,0.9506393813605063,46.8
74,8,20,0.08,1.5,0.05,2.0,1.0,0.7,0.8131575817664611,0.761410996981588,0.9153023888593133,0.7110127746736092,0.5093258321387024,0.9627105937361315,57.4
3,8,8,0.08,0.5,0.0,0.5,0.8,0.6,0.8131518350291851,0.7657733896056718,0.9066730887857968,0.7196305812725732,0.5146058584248074,0.9597679914415295,50.8
17,8,20,0.05,0.5,0.05,0.1,0.9,1.0,0.8128180466415216,0.7611067373466995,0.9148908662255684,0.7107452270574747,0.5091701184452608,0.9624144668664636,84.6
122,7,12,0.1,10.0,2.0,1.0,0.8,0.5,0.8127469595453569,0.756644314157721,0.9235058010326093,0.7019881180581046,0.5046004808251139,0.9660456640751761,75.0
77,7,3,0.05,1.0,0.5,0.0,0.7,0.6,0.8126363872436595,0.7633364824437096,0.9099551296676553,0.7153176448196638,0.5129248079437936,0.9612448949293867,97.2
88,8,12,0.05,0.5,0.2,1.0,0.7,0.8,0.812624575831055,0.7560345084866467,0.9243372964568494,0.7009118552052602,0.5035851736248129,0.9661989637969292,53.8
143,5,5,0.08,1.0,0.2,0.5,1.0,0.8,0.8124861967961193,0.7441652439068316,0.9473597485233352,0.6776126450689036,0.49128328646630326,0.9757428993693497,63.8
80,7,1,0.15,3.0,0.0,0.0,1.0,0.8,0.8123549002601159,0.7752061072158879,0.8856888145275095,0.7390209859927221,0.5272114405890959,0.9524193175547584,41.2
171,7,8,0.03,6.0,0.2,4.0,0.7,1.0,0.8122951311424057,0.7551215752138256,0.9251603417243391,0.6994299205604724,0.5025646847191879,0.9665528149792841,156.8
192,7,2,0.02,6.0,0.05,1.0,0.7,0.7,0.8122570692811522,0.7492386048000264,0.9366660751556941,0.6878480634066099,0.49670600033797935,0.9713302554780624,111.2
73,6,5,0.1,0.5,0.2,1.0,0.6,0.8,0.8122028721283581,0.7526878583270815,0.9296870906955323,0.6947186535611839,0.4998550045053792,0.9683246018008067,43.6
156,7,1,0.02,6.0,2.0,0.5,0.8,0.7,0.812105330954721,0.7462990749230989,0.9420141793630272,0.6821964825464152,0.493332075597674,0.973298289323222,82.4
13,6,20,0.05,1.5,0.0,0.5,0.8,0.5,0.8120841214231467,0.7516724245988744,0.9313365612932121,0.6928316815530813,0.4986816018453612,0.9689435824095309,134.2
39,5,1,0.02,3.0,0.2,0.5,1.0,0.7,0.8120638465266754,0.7293568096424525,0.9753280773358345,0.6487996157175161,0.4764433056799757,0.9877428008861315,78.4
157,8,12,0.1,0.5,1.0,2.0,0.8,0.6,0.8120133124284333,0.7671944513910114,0.9004909541071988,0.7235356707496681,0.5164046109631979,0.9571520158317591,58.2
12,7,1,0.1,6.0,0.0,0.0,0.6,0.5,0.8119326980777821,0.7718596628805303,0.8910386087661925,0.7328267873893715,0.5230318551818878,0.9542130663171007,86.0
75,6,1,0.08,1.5,1.0,1.0,1.0,0.5,0.8117383265651796,0.7596842862479585,0.9144852587015488,0.7089913944288104,0.508661739251136,0.9627171644596778,74.2
191,7,3,0.03,3.0,0.0,1.0,1.0,0.5,0.8117044030061289,0.7460941254683787,0.9412088794247133,0.6821999265875444,0.49402381142618446,0.973388720099248,100.6
195,8,8,0.08,0.5,0.5,0.0,0.7,0.5,0.8116994812886839,0.7654683581300048,0.9029609349253429,0.7204380276520249,0.5147225489280419,0.9580689571494212,70.0
51,6,2,0.15,10.0,0.2,1.0,1.0,0.5,0.8116351307654209,0.7616140940184397,0.9103708773797754,0.7128993841510665,0.5095350204427891,0.9606225195270526,56.6
197,6,2,0.15,6.0,0.0,0.0,1.0,0.5,0.811520155077012,0.7687115301691978,0.8960022308413821,0.7270380793126419,0.5202685153081048,0.9564186048277519,81.8
175,7,20,0.03,6.0,0.0,0.1,1.0,0.8,0.8113910619093007,0.747514878517407,0.937493345501559,0.6852887783170422,0.4944414161092464,0.971521765911923,88.8
29,6,2,0.15,10.0,0.2,0.0,0.6,0.8,0.8113502401873568,0.7610073242544276,0.9107477543708435,0.71195272600387,0.509689479818363,0.9611492291468163,45.6
95,8,3,0.05,0.5,1.0,0.0,0.7,0.5,0.8112900375816716,0.7686128374616523,0.895545077361185,0.727034997802158,0.5210341139378097,0.956326180092619,91.0
168,6,2,0.15,3.0,0.0,0.1,0.8,0.5,0.811243664324898,0.7554277901786863,0.9214414277384846,0.7010459009113114,0.503978559052929,0.9654555855383202,41.6
166,6,3,0.03,1.0,0.2,1.0,0.9,1.0,0.8112150950407472,0.7459899784193318,0.9399692414294286,0.6824609486520657,0.49317526483342444,0.972583245586582,97.8
183,6,3,0.15,10.0,0.05,1.0,0.8,1.0,0.8111513340640254,0.7690203693927053,0.894320649648051,0.7279820184799997,0.5184678062479697,0.9546911671743781,59.8
47,8,20,0.1,1.0,0.05,0.5,0.7,0.5,0.8110507623207124,0.7555270489028025,0.9206479580196213,0.7014535666218035,0.5030576508179703,0.9644962080220252,60.2
188,8,20,0.1,0.5,0.2,0.1,0.8,1.0,0.8110353726859749,0.7638450226046436,0.9041912777482022,0.7178794676237475,0.5126723465917017,0.9583319353133792,57.6
131,8,20,0.02,6.0,2.0,1.0,0.9,0.6,0.810856382081899,0.7423408181306428,0.9461209555437253,0.6755918086200724,0.4896710884757979,0.9752817464319709,137.4
139,7,12,0.02,0.5,1.0,2.0,0.8,0.5,0.810789740711112,0.7426445632050123,0.9453097404956863,0.6762697409265377,0.4901910073492287,0.9748348372094672,142.6
20,4,8,0.15,0.5,1.0,4.0,0.9,0.8,0.8107039379352663,0.7514707683314757,0.9276311675581581,0.6937767083123745,0.49809850141698114,0.967017867611235,103.2
19,5,8,0.08,6.0,0.2,0.5,0.9,0.6,0.8106506134966303,0.7507593369578976,0.9288699605377679,0.6924312664554926,0.4978413589778724,0.9679529181733623,112.6
1,5,8,0.08,1.5,2.0,2.0,0.7,0.8,0.8105881896670054,0.7348321452130949,0.9601228652791509,0.66105351405486,0.4815801080489458,0.9807877313984534,34.8
149,8,20,0.02,0.5,2.0,0.5,1.0,0.5,0.8105751813677056,0.7387924087915753,0.952289569971523,0.6688607927638883,0.48585438003994774,0.9774948901683622,94.4
21,6,5,0.08,10.0,2.0,0.5,0.7,0.8,0.8105453802299809,0.7645549102966648,0.9013241395627889,0.7197666208971727,0.5139859236175178,0.9577087146219346,124.6
113,8,20,0.15,1.5,1.0,0.0,0.7,0.8,0.8105020687773425,0.7630325315451326,0.9042031079676528,0.7168010295870323,0.5122569428431685,0.9589759138452759,37.4
68,7,2,0.1,1.5,1.0,1.0,0.6,1.0,0.8105018112507253,0.7626284471695569,0.9050084079059667,0.7159952145954838,0.5120335008450533,0.9590818683859357,46.4
124,5,5,0.15,10.0,0.0,4.0,0.8,0.5,0.8104924602470917,0.7440646987814178,0.941616176980083,0.6793687435141001,0.4908447693437331,0.9729569360683115,57.6
184,6,3,0.05,0.5,1.0,0.0,0.7,0.5,0.8104500539320683,0.7540043099589072,0.9218732307484305,0.6990268771157062,0.5024772646563346,0.9653896461013476,111.6
69,7,1,0.08,1.0,1.0,0.0,0.8,0.5,0.8104033348629948,0.7605981457297136,0.9087197167507457,0.7120869529752436,0.5104491744613183,0.9606944331039653,56.0
78,6,1,0.1,10.0,2.0,2.0,0.7,0.5,0.810328238899978,0.7527888665569623,0.9239207037290541,0.6967357740709019,0.5000120689121279,0.9659055628587379,71.6
90,4,5,0.08,6.0,0.0,1.0,0.8,0.5,0.8102226453359318,0.7434554076708623,0.9420209394884275,0.678424351183436,0.4900780438112767,0.9730422398410703,131.6
84,7,5,0.15,0.5,0.5,0.0,0.6,0.5,0.8101993380707789,0.7565412991418159,0.916122899079778,0.7042757770617798,0.5044929231082287,0.9629841235078862,29.0
177,5,8,0.08,1.5,0.05,2.0,1.0,0.7,0.8101735286473181,0.7502516200937941,0.9284575928883481,0.6918894644062881,0.4970822028387138,0.9675312194763894,95.6
10,8,20,0.15,3.0,0.0,4.0,1.0,1.0,0.8100827170883601,0.7515714678250454,0.9255820045461844,0.694583429630536,0.49831714516860226,0.9663150241903871,22.0
58,5,8,0.15,0.5,1.0,4.0,0.9,1.0,0.810057250054953,0.7525848433111764,0.9235134061736845,0.6966010939362217,0.5000392682771388,0.9659268333721445,80.6
129,7,20,0.03,3.0,0.05,2.0,0.7,0.8,0.8100217992125243,0.7467018214413252,0.9350233646834148,0.6850202337416335,0.49441695008673703,0.9706680680738522,135.8
154,7,20,0.05,10.0,0.05,1.0,0.7,1.0,0.8099571185820732,0.7547150209477588,0.9190010224689666,0.7009132146951798,0.5022428208602336,0.9639130630535906,119.0
136,7,12,0.02,0.5,0.0,0.0,0.6,0.6,0.8098528637883646,0.7331106315407073,0.9613439129295849,0.6583618146471444,0.47975687701142294,0.9812486956255807,53.6
182,5,2,0.02,1.5,0.2,0.1,1.0,0.8,0.8097962500644371,0.7288481151133628,0.9695811257298823,0.6500113743989921,0.47591570616237455,0.9850131940207169,48.8
81,6,12,0.08,1.5,1.0,1.0,0.8,0.6,0.8095694007936156,0.753295039739509,0.9206496480509714,0.6984891535362598,0.5003393807200851,0.9645043115945942,85.6
145,4,8,0.15,1.0,0.0,0.0,0.9,0.7,0.8095198613076693,0.7559340148172847,0.9152973187652631,0.7037424038500755,0.503311532715256,0.9626381310901854,94.4
71,7,20,0.02,1.5,0.0,4.0,0.6,0.5,0.8094665334778043,0.7354438547580896,0.9555893561825572,0.6633437107730513,0.4824588604707567,0.9788040198134764,185.4
23,6,8,0.02,1.5,2.0,0.5,0.6,1.0,0.8093508429534874,0.745686953729689,0.9350284347774652,0.6836732511295095,0.49298037616011525,0.9707592259025022,211.4
33,5,20,0.08,1.0,0.0,1.0,0.9,0.5,0.8091675021057387,0.7487279549409644,0.9284651980294234,0.6898698061820538,0.497068939569711,0.9680474866062523,125.0
108,5,20,0.02,1.5,2.0,1.0,0.9,0.5,0.8091553013635089,0.7299674386103573,0.9654650543767588,0.652845548350259,0.47751749235535046,0.9833739634562259,213.8
105,8,20,0.03,1.5,0.0,2.0,1.0,0.8,0.8091030874592992,0.7484262166526191,0.9288767206631684,0.6893294542554299,0.49550442800150724,0.968012388099212,78.2
70,5,5,0.03,0.5,2.0,2.0,0.9,0.5,0.8090835805624529,0.7377696683039983,0.94984662965498,0.6683205314699258,0.48630635306708836,0.977003928589478,197.8
163,5,12,0.15,1.5,0.5,1.0,1.0,1.0,0.8087613947683364,0.7635401969531842,0.8980268883987799,0.7194959011378931,0.5122914088372098,0.9560126578934843,81.4
146,6,5,0.08,3.0,1.0,2.0,0.7,0.5,0.8087351409284584,0.7451789281292741,0.9342036994786254,0.6832665823782916,0.4936698226870363,0.970414980409225,66.0
147,6,20,0.03,0.5,2.0,0.5,1.0,0.5,0.8087231337344172,0.7380801541211667,0.9481827937908248,0.6692634736780094,0.48620571824651815,0.9761622027952759,143.0
36,5,1,0.08,10.0,0.5,4.0,0.8,0.5,0.8086124716995613,0.7366608932976433,0.9506510845776189,0.6665738588215034,0.4839590341651543,0.9768670668521382,84.6
93,4,2,0.15,1.0,0.2,2.0,1.0,0.5,0.8082916757613379,0.7357468279916806,0.9514868050802343,0.6650965464424414,0.482125519090611,0.9767185597184275,59.4
152,5,2,0.05,0.5,0.2,0.5,0.9,0.7,0.8082301883037871,0.7433521868307498,0.9362858181019258,0.6801745585056487,0.49047264808835395,0.9710649011497072,119.2
110,5,8,0.1,1.0,0.5,0.1,1.0,1.0,0.8082245704125327,0.7583655705498491,0.906653653425271,0.7097954873997943,0.5080909644774765,0.9601941671538172,128.8
46,5,2,0.03,1.0,0.0,0.0,0.6,0.7,0.8080100189268519,0.7242827798205831,0.9732797593395357,0.6427402785141683,0.47172148594098057,0.9867372637533244,66.8
37,5,1,0.1,1.0,2.0,0.1,0.7,0.7,0.8080021865941157,0.7553242606022622,0.911996687538554,0.7040076856496776,0.5053113357904019,0.9625868588941395,95.4
109,5,3,0.05,6.0,0.05,2.0,0.7,0.7,0.8078962961010939,0.7388904840264978,0.9440979880176776,0.67169460418451,0.4854612783745861,0.9738538243820907,87.2
30,5,12,0.1,1.5,0.5,1.0,0.8,0.8,0.8078522362000925,0.743863145426123,0.9341876441807997,0.6815168282193854,0.49188765128124984,0.9708775286713373,68.8
34,4,1,0.15,3.0,1.0,2.0,0.8,0.5,0.807762771093433,0.7493405906948934,0.9230968134458895,0.6924287287409765,0.49722241486879193,0.9657756758394779,92.6
151,5,20,0.08,0.5,0.05,0.5,0.7,0.6,0.8076717514701723,0.7279339983513481,0.9650611368840891,0.6502823660562557,0.4756217286027139,0.9830800056977601,48.2
62,5,2,0.02,6.0,1.0,1.0,0.7,0.5,0.807623751260975,0.7266182156481971,0.9675209775141329,0.647726525007817,0.4742986119859115,0.9841511278534583,195.4
31,5,2,0.05,1.5,0.5,1.0,0.6,0.5,0.8075931211228605,0.739298427605966,0.9424206319027219,0.6727656103429993,0.4865385409006386,0.9734277521718091,119.0
189,4,20,0.15,3.0,0.2,0.1,0.8,0.6,0.8072824333835232,0.7458872206836862,0.9284651980294235,0.686099668737623,0.4937573794370632,0.9678835575215601,85.4
27,6,12,0.1,0.5,0.0,0.5,0.7,1.0,0.8069263506845884,0.7543097530829893,0.9107832450291953,0.7030694563399813,0.5018412737281643,0.9606672294320925,66.2
159,4,12,0.15,1.5,0.5,0.0,1.0,0.7,0.806924299311591,0.7353355912248908,0.9482165944178265,0.6656320042053554,0.483768687009052,0.9763370981084792,63.6
15,4,1,0.15,6.0,0.2,1.0,0.8,0.7,0.8068340727189472,0.7477151454714043,0.9235286164558353,0.6901395289820592,0.4952354962139457,0.9658553694370156,83.0
87,5,5,0.02,1.0,0.0,0.0,0.6,1.0,0.8064087489000334,0.7291498019456562,0.9589001275973669,0.6539173702027,0.47673452480835393,0.9804106606673502,135.6
165,5,5,0.1,3.0,0.05,0.1,0.6,1.0,0.8063569468440361,0.7588767349694299,0.9000819665204791,0.7126319271675934,0.5067597962651182,0.956574476021378,102.0
112,8,2,0.1,1.5,0.0,0.1,0.6,0.5,0.8061876893048228,0.7759182075181409,0.865946713311532,0.7464286652981135,0.5288135012734989,0.9448274174493859,72.2
178,5,5,0.02,1.5,0.2,4.0,0.7,1.0,0.8061786534580202,0.7263101482654679,0.9638274139985297,0.6485298929175107,0.4739003987755296,0.9823300727166162,125.8
106,4,1,0.03,0.5,0.5,1.0,1.0,0.6,0.8058345027360824,0.7185013836532356,0.978218030944474,0.6334509745276906,0.4668609498540074,0.9892311250124397,123.8
55,4,8,0.15,0.5,0.5,2.0,0.6,0.6,0.8057418215036923,0.7352404489849265,0.9449024429403166,0.6665812000670682,0.48416318877610054,0.975344836914544,73.8
60,4,8,0.08,0.5,2.0,4.0,1.0,0.6,0.8057360995079128,0.7237762979017252,0.9675209775141328,0.6439512215016926,0.47100751411130953,0.9838199364834036,64.8
28,6,2,0.15,3.0,0.2,0.5,0.6,1.0,0.8056691084683368,0.7740924438846026,0.8680060165116064,0.7433322004250671,0.5264865459020991,0.9451883109937249,69.6
7,4,5,0.08,3.0,0.5,2.0,0.8,0.5,0.8054761662139857,0.7344258482272876,0.9457271782391563,0.6652251541888151,0.48169963005750793,0.9747093591977531,111.8
67,4,2,0.15,1.0,0.2,0.0,0.9,0.6,0.8054620173037808,0.7350391014538393,0.9444833151654963,0.6664407194420654,0.4814573057086543,0.9735822920860209,55.2
14,5,8,0.03,1.0,0.0,1.0,0.6,0.8,0.8051210639007274,0.7232696616147114,0.966692862152593,0.643549265648862,0.4705832245866854,0.9834993927730477,82.8
61,4,12,0.1,3.0,0.05,1.0,0.7,0.6,0.8049027385562247,0.727736201287842,0.9572303766234864,0.6525751004889633,0.47560604765077186,0.9799596682483986,73.8
121,4,3,0.05,6.0,2.0,2.0,0.6,0.5,0.8048844224563364,0.7404133773385488,0.9321528464353014,0.6776159984773712,0.4866312170100275,0.9685472293428015,235.6
82,4,3,0.15,1.5,1.0,2.0,0.7,0.8,0.8048142518914887,0.737165574254685,0.9383366711452498,0.6712918326377275,0.4843444311158286,0.9714367056860997,57.6
194,5,20,0.15,3.0,1.0,4.0,0.6,1.0,0.8047977893256775,0.7492370611184694,0.9144734284820984,0.6951221501692565,0.49628857249265657,0.9618256218189192,60.6
193,4,2,0.15,1.5,1.0,2.0,0.7,0.7,0.804474693813719,0.7514687100893997,0.9091143390709897,0.6998350485564482,0.4985485544291087,0.9599268823307858,86.2
144,5,12,0.03,10.0,2.0,0.1,0.8,0.8,0.8043878652221359,0.7215483023104797,0.967918979897077,0.6408567505471947,0.4693896171971826,0.9842119037655728,83.8
5,3,3,0.1,1.5,1.0,0.0,0.7,0.8,0.8042759723779564,0.7324020302499837,0.9461403909042513,0.6624115538516615,0.4797001217435846,0.9747487937987647,138.4
153,5,12,0.02,3.0,2.0,2.0,0.6,0.5,0.8039679276673365,0.7221554322668553,0.9654616743140585,0.6424741810206144,0.4699048349568583,0.9829935297376343,212.8
18,5,20,0.02,3.0,1.0,1.0,1.0,1.0,0.8039216444332166,0.7324993336441279,0.9449049779873416,0.6629383108790915,0.4790593240176051,0.9737003979757765,203.4
119,4,3,0.02,6.0,0.05,1.0,0.7,0.5,0.8037655553048012,0.7176897673466069,0.9736819868008553,0.6338491238087469,0.46617645313900696,0.9869286351905375,245.0
22,3,20,0.15,0.5,0.0,0.0,0.8,0.5,0.8032733761058081,0.7302654720629659,0.947380028899536,0.6591667233120799,0.47763957568161686,0.9753330017465929,96.8
104,5,20,0.03,3.0,0.0,4.0,0.6,0.8,0.8031740529344142,0.7276308192935496,0.9522988651439483,0.65404924072488,0.4758420526771456,0.9777129265195299,154.2
6,3,5,0.15,1.0,0.05,0.0,0.7,1.0,0.8031341603471658,0.7263157055190732,0.9547663109150675,0.6515020097792641,0.47398052896811205,0.9786113160963182,63.8
11,4,20,0.1,1.0,0.0,1.0,0.9,0.8,0.8028480352480365,0.7271186772089825,0.9523216805671744,0.6533743899288986,0.47567554978385046,0.9779507215553096,71.6
59,3,12,0.15,10.0,0.5,2.0,0.9,0.6,0.8028136444438079,0.7406161656390893,0.9255836945775344,0.6800435943100815,0.48680297286327223,0.9658243214090797,141.0
56,4,1,0.03,10.0,2.0,0.0,1.0,1.0,0.802481892478785,0.7282394414754303,0.9490235843874905,0.6559402005700794,0.4753909155690323,0.9757755218222881,284.8
32,4,1,0.05,3.0,0.0,0.0,0.7,0.6,0.802453224880012,0.7173888008990402,0.9703796655427958,0.6345267842172284,0.46622008356863615,0.9859743807627078,78.0
79,4,3,0.03,1.0,1.0,2.0,1.0,0.7,0.8024355164097727,0.7110962917681638,0.9827346397275669,0.6221363930919785,0.4601871766113848,0.9910898724863028,61.8
160,4,2,0.05,10.0,0.05,1.0,0.6,0.8,0.8021149457194572,0.7214431261403947,0.9613506730549851,0.642879218383929,0.47007447329539753,0.9815805342684036,122.8
141,3,12,0.15,6.0,0.5,2.0,0.9,1.0,0.8019891663820904,0.7289471165572197,0.9461556011864021,0.6578227315777787,0.4764331479888483,0.9745781049880806,96.2
96,5,20,0.02,6.0,2.0,1.0,0.6,1.0,0.8016726346351053,0.7193105815254249,0.9642380916165996,0.639107177653611,0.4677248891727041,0.9822979495734054,153.6
161,4,20,0.1,0.5,0.0,0.5,0.8,1.0,0.8016714315242645,0.7236738489023911,0.9556147066528083,0.6477281563957203,0.4716452759193353,0.978879181424588,63.4
174,3,20,0.15,1.5,0.05,1.0,1.0,0.5,0.8014738453644247,0.7267202529991159,0.9490244294031654,0.6539232613256839,0.4735859803029113,0.9754892456118782,101.2
138,4,5,0.1,0.5,0.5,4.0,0.8,0.8,0.8013115188664823,0.7235711940788492,0.9547730710404677,0.647849966692497,0.4721706949020977,0.9792838883632544,58.8
170,3,12,0.15,1.5,2.0,1.0,0.7,0.6,0.8010580364861143,0.7304723253916063,0.9403849891415487,0.66173108383068,0.47670613138138657,0.971554711136043,91.2
50,3,2,0.15,6.0,2.0,0.1,0.7,0.5,0.8008748915852282,0.7279379090112925,0.9448762474543904,0.656873535716066,0.4754530841421941,0.9743400836833225,95.4
169,4,3,0.02,10.0,0.0,0.1,1.0,0.5,0.800868008093536,0.7099820109642556,0.9802680389721228,0.621467977214949,0.4597577263405296,0.9902224715127155,175.4
57,3,8,0.1,10.0,1.0,0.5,0.9,0.6,0.8007408665987586,0.724989168501075,0.9502632223827752,0.6512185108147424,0.4734021444141937,0.976937769828979,151.6
117,3,20,0.1,3.0,0.05,0.0,0.6,0.6,0.8001277285082358,0.7238748876971668,0.9506519295932939,0.6496035274231774,0.47205588252988456,0.9766254339004365,114.8
16,3,3,0.1,10.0,0.2,0.0,1.0,0.6,0.8000981019981233,0.7177914959612144,0.9625759457837942,0.637620258212452,0.46545245765276705,0.9814174187138734,110.2
172,4,5,0.02,10.0,0.05,0.0,1.0,0.5,0.7993530831600377,0.7058215833438819,0.9839717426758267,0.6147344236442487,0.45615449447595485,0.991945374777799,138.0
102,3,20,0.1,6.0,2.0,0.1,0.8,0.7,0.7990693116978633,0.7176863197911296,0.959712187661081,0.6384264357346456,0.4661669464967829,0.9805437003807619,104.0
45,3,2,0.15,1.0,0.2,4.0,0.7,0.6,0.7989328023156818,0.7222551540954386,0.9502691374925005,0.647596467138863,0.47019673222334146,0.9765909086596368,94.6
179,3,2,0.08,3.0,0.2,0.5,0.9,0.7,0.7981304332986763,0.7087598782755636,0.9745261574602209,0.6217347091371318,0.4586257393726341,0.9873504110625507,95.4
41,3,8,0.08,6.0,0.2,1.0,0.8,0.5,0.7977479550209684,0.7188068782333696,0.953554558437059,0.641941351604878,0.4668063730337235,0.977504338678308,155.2
125,4,20,0.05,1.0,0.2,2.0,0.9,1.0,0.7976919992781687,0.7101815060774743,0.9704176912481726,0.6249663073081647,0.4605136241362315,0.9861174554904067,95.8
100,4,2,0.03,10.0,2.0,0.5,0.8,0.6,0.7976054987052728,0.7029799743337213,0.9843841103252465,0.6108268870852991,0.45392772381792357,0.9920484808083551,104.2
35,3,3,0.05,1.5,0.5,4.0,0.6,0.8,0.7974177632177019,0.7093728742218558,0.9712153860454112,0.6236201403899923,0.45888324917921397,0.9857425547819023,142.2
98,4,3,0.02,6.0,2.0,0.0,0.6,0.7,0.7974113379244638,0.7022684400480393,0.9852080006084112,0.6096146752405165,0.4536639232235505,0.992592668800401,135.2
42,3,5,0.08,10.0,1.0,4.0,1.0,0.7,0.797078722426415,0.7051101519703037,0.9786211034214685,0.6155363414313616,0.4549200611183696,0.9889307578395992,92.8
91,3,1,0.1,3.0,1.0,1.0,1.0,1.0,0.7970109232611178,0.7135291339020255,0.9617790960022308,0.6322427505200049,0.4629100615538223,0.9815991759097521,101.8
185,3,20,0.08,10.0,0.2,2.0,0.6,1.0,0.7957539100045156,0.7066308326721231,0.9716531041650823,0.6198547158439487,0.45731626572198847,0.9862731945338492,99.6
130,3,20,0.1,0.5,0.0,0.0,0.8,0.7,0.7956376943463291,0.7093698897708457,0.9659002374494046,0.6253751512432535,0.4592608431184792,0.9837507519003305,88.0
181,4,8,0.02,0.5,0.0,0.0,0.6,1.0,0.7948085599721877,0.6966908613022704,0.9884891964745947,0.6011279234697808,0.44821146854958827,0.9938943322776531,77.4
65,3,2,0.05,3.0,1.0,2.0,0.9,0.6,0.7946319788155967,0.6991280257444918,0.9831461623613118,0.6061177952698814,0.4504339813781938,0.9914016298868459,113.8
133,3,12,0.08,6.0,0.2,0.0,1.0,0.8,0.7938793835481515,0.7031793665348364,0.9728902071133418,0.614868559982961,0.4545094694816914,0.9869296734159656,91.8
64,3,8,0.05,1.5,1.0,1.0,0.8,0.5,0.7927096526564463,0.7026757661548848,0.9704126211541224,0.6150066841587704,0.45359880833051625,0.9856487338407598,152.2
198,3,1,0.08,3.0,0.2,0.1,1.0,1.0,0.7926493739342139,0.7025707443529556,0.9704278314362732,0.6148709164321546,0.45454244900586654,0.9861904251523977,127.0
158,3,12,0.05,1.0,0.05,4.0,0.9,0.5,0.7921525100005764,0.6947643981751626,0.9843824202938964,0.5999225997072565,0.4469502770195831,0.9920228899686345,81.6
190,3,12,0.05,3.0,0.5,2.0,0.7,0.7,0.7911715383546964,0.6955753970091684,0.9798632764637784,0.6024798002456145,0.44720350262190245,0.9897369082246182,91.8
187,3,8,0.03,1.0,0.0,0.1,1.0,0.6,0.7906530450491379,0.6893905339388681,0.9905417395492687,0.5907643505490074,0.4422590081859603,0.9948675628075488,93.8
180,3,12,0.05,6.0,0.2,0.1,0.6,0.6,0.7906188941536788,0.6916185809861656,0.9860293558445509,0.5952084324628066,0.4444698673940509,0.9927967530732543,85.2
114,3,1,0.05,6.0,0.5,4.0,0.7,0.8,0.7898870506742749,0.6857375144462866,0.9954749410601567,0.5842991602883931,0.43955197817391334,0.9974809384189657,52.2
25,3,12,0.02,1.0,0.5,1.0,0.7,0.7,0.7897322629713223,0.6867521248776634,0.9930100303360628,0.5864544956065817,0.4402866192000679,0.9961630858439644,87.6
24,3,3,0.03,3.0,0.2,4.0,0.6,0.8,0.7896258217241099,0.6886812637194699,0.988891423935914,0.5903602195123057,0.44226606255622,0.9943721617834731,95.6
155,3,20,0.02,3.0,0.0,0.0,0.9,0.8,0.7880017393757989,0.6828962656284894,0.9954766310915067,0.5805268476600911,0.43740937038614475,0.9974573951983837,57.4
26,3,8,0.02,0.5,0.2,0.0,0.7,0.6,0.7857954332559293,0.6787373302336208,0.9971227216264861,0.5744681448853723,0.4342667543920344,0.9983756855586293,34.0
127,3,5,0.02,1.0,2.0,4.0,1.0,0.7,0.7849197857988551,0.6774184601673556,0.9971227216264861,0.5727168499712242,0.4332148176560121,0.9983581479616275,18.4
